Name,Ingredients,SPF
Minimalist Sunscreen SPF 50 Lightweight with Multi-Vitamins | No White Cast | Broad Spectrum PA ++++ | For Women & Men | 50g,(Aqua Octocrylene Diisopropyl Adipate Propylene Glycol Dicaprylate/Dicaprate C12-15 Alkyl Benzoate Diisopropyl Sebacate Butyl Methoxydibenzoylmethane Isododecane Niacinamide Arachidyl Alcohol Behenyl Alcohol Arachidyl Glucoside Caprylic/Capric Triglyceride Titanium Dioxide Ethylhexyl Triazone PEG-100 Stearate Glyceryl Stearate Butylene Glycol Linoleic Acid Linolenic Acid Panthenol Sodium Hyaluronate Allantoin Tocopherol Acetate Retinol Polysorbate 20 Hydroxyethyl Acrylate/Sodium Acryloyldimethyl Taurate Copolymer Xanthan Gum Polyacrylate Crosspolymer-6 Silica Acacia Gum Phenoxyethanol Ethylhexylglycerin Trisodium Ethylenediamine Disuccinate),50
Neutrogena Sunscreen SPF 50+ - 80.0 grams Oil,(Water Homosalate Ethylhexyl Salicylate Benzophenone-3 Octocrylene Butyl Methoxydibenzoylmethane Silica Styrene/Acrylates Copolymer Potassium Cetyl Phosphate Beeswax Glyceryl Stearate PEG-100 Stearate Cetyl Dimethicone Caprylyl Methicone Dimethicone Ethylhexyglycerin Behenyl Alcohol Sodium Polyacrylate Xanthan Gum Dimethicone/PEG-10/15 Crosspolymer Acrylates/C12-22 Alkyl Methacrylate Copolymer Fragrance Disodium EDTA Ethylhexyl Stearat BHT Trideceth-6 Polyaminopropyl Biguanide Methylisothiazolinone Diethylhexyl 2 6-Naphthalate),50
The Derma Co 1% Hyaluronic Sunscreen Aqua Ultra Light Gel with SPF 50 PA++++ For Broad Spectrum UV UV B & Blue Light Protection - 50g(dermaco),(Aqua C12-15 Alkyl Benzoate Ethylhexyl Methoxycinnamate Dimethicone Sodium Acrylates Copolymer Butyl Methoxydibenzoylmethane Hyaluronic Acid Glycerin Benzophenone-3 1 3 Butylene glycol Phenoxyethanol Lecithin Aloe Barbadensis (Aloe Vera) Leaf Juice Xylitol Glucose Sodium Levulinate Phospholipids Propylene Glycol Ethoxydiglycol Anhydroxylitol Oxothiazolidine Helianthus Annuus (Sunflower) Seed Oil Glyceryl Stearate Allantoin D-Alpha Tocopheryl Acetate Phoenix Dactylifera Extract Vaccinum Sect Cyanococcus (Blueberry) Fruit Extract Citrus Paradisi (Grapefruit) Extract Zinc Oxide Cyclopentasiloxane PEG-10 Dimethicone E-Ascorbic Acid C9-12 Alkane Hydrogen Dimethicone Titanium Dioxide Aluminum Hydroxide and Polyhydroxystearic Acid),50
Aqualogica Glow+ Dewy Sunscreen SPF 50 PA+++ For UVA/B & Blue Light Protection for Glowing & Well Protected Skin Cream 50G,(Aqua Titanium Dioxide Suncat DE Sodium Polyacrylate Glycerin Zinc Oxide Xylitol Phospholipids Caprylic Acid Glyceryl Stearate Dimethicone Hyaluronic Acid Helianthus Annuus (Sunflower) Seed Oil D-AlphaTocopheryl Acetate Ceramide 11 Carica Papaya (Papaya) Fruit Extract Aloe Barbadensis Leaf Juice (Aloe Vera) Sodium Lactate Trehalose Sodium Benzoate E-Ascorbic acid (Vitamin C) Sodium Levulinate Phenoxyethanol Allantoin Melanin),50
Biotique Sun Shield Sandalwood 50+SPF UVB Sunscreen Ultra Protective Lotion For All Skin Types 120ml,(Safed Chandan (Santalum album)Ashwagandha (Withania somnifera) Nag kesar(Mesua ferrea) Ankurit Gehun (Triticum vulgare) Madhu (Honey)Arjun (Terminalia arjuna) Rakt Chandan (Pterocarpus santalinus) Lodhra (Symplocos racemosa) Mom (Bees wax) Sunfloweroil Himalayan Water Q.S),50
Jovees Broad Spectrum Sunscreen Powder With SPF 30 | Prevents Sunburns Skin Damage & Uneven Skin Tone | Natural Mineral Based Ingredients 50 G (Pack of 2),(Light kaolin Zinc oxide Corn starch Tinosorb® M Tinosorb® S Titanium dioxide Oat powder Almond powder Sandal powder Talc Yellow Iron Oxide Red Iron Oxide Menthol),30
Dr. Sheth's Sunscreen SPF 50 Cream with Ceramide & Vitamin C for Oily Sensitive Dry Skin | For Intense Hydration | Non Greasy Quick Absorbing | Zero White Cast | PA+++ | For Women & Men | 50g,(Aqua Titanium Dioxide Ethylhexyl Methoxycinnamate Butyl Methoxydibenzoylmethane Octocrylene 1 3 Butylene glycol Lecithin Phenoxyethanol Sodium Polyacrylate Glycerin Zinc Oxide Xylitol Terminalia Ferdinandiana Fruit Extract Phospholipids Caprylic Acid Glyceryl Stearate E-Ascorbic acid Dicaprylyl carbonate Hyaluronic Acid Helianthus Annuus(Sunflower) Seed Oil D-AlphaTocopheryl Acetate Ceramide NP Ceramide AP Ceramide EOP Phytosphingosine Cholesterol),50
Mamaearth Daily Glow Sunscreen SPF 50 PA+++ No White Cast with Vitamin C & Turmeric for Sun Protection & Glow - 50 g,(Aqua Octisalate C12-15 Alkyl Benzoate Octocrylene Sorbitan Stearate Sucrose Cocoate Homosalate Butyl Methoxydibenzoylmethane Zinc Oxide Cetearyl Ethylhexanoate Propylene Glycol Cetearyl Alcohol Glyceryl Stearate Glycerin Hydroxyethyl Acrylate/Sodium Acryloyldimethyl Taurate Copolymer Phenoxyethanol Ethylhexyl Triazone Tinosorb-M Turmeric Root Extract Orange Peel Extract (Vitamin C) Lemon Fruit Extract Butylated Hydroxy Toluene Disodium EDTA Citric Acid & IFRA Certified Allergen Free Fragrance),50
WOW Skin Science Sunscreen SPF 55 PA+++ Matte Look Ultra Light | Broad Spectrum- UVA&UVB Protection |No White Cast | With Raspberry rich in Vitamin Avocado and Carrot Seed Extract | No Parabens Sulphates |All Skin Types | For Women & Men- 100ml,(Purified Water Octyl methoxycinnamate (and) Octocrylene (and) Butyl Methoxydibenzoylmethane (and) Homosalate Glyceryl Monostearate Caprylic/Capric Triglycerides Glycerin (Vegetable Derived) Cetostearyl Alcohol Stearic Acid Titanium Dioxide Aluminum Starch Octenylsuccinate Brassica Campestris/Aleurites Fordi Oil Copolymer Raspberry Extract Avocado Oil Carrot Seed Extract Phenoxyethanol Capryloyl Glycine (and) Undecylenoyl Glycine Tocopheryl Acetate (Vitamin E) Sodium Benzoate Fragrance Acrylates/C10-30 Alkyl Acrylate Crosspolymer Triethanolamine & Disodium EDTA),55
Jovees Sunscreen Face Serum SPF 65 with Green tea Carrot and Sunflower extract Broad spectrum Sun protection Light weight & Water Resistant- For Oily & Acne Prone Skin - 30ml,(Carrot extract Green tea extract Chamomile extract Olive oil Jojoba oil Sunflower oil Sesame oil Vitamin E Glyceryl stearate Cetyl alcohol Dicaprylyl Carbonate Octyl methoxy cinnamate Benzophenone-3 Alkyl benzoate Tinosorb® M Zinc oxide Titanium dioxide Glycerin Phenoxyethanol & Ethyl hexyl glycerin Parfum Purified water),65
La Shield SPF 40 & PA+++ Mineral Based Sunscreen Gel | Suitable For All Skin Types 50 Grams, Cyclopentasiloxane Dimethicone Crosspolymer Octinoxate C12-15 Alkyl Benzoate Diethylamino Hydroxybenzoyl Hexyl Benzoate Bis-Ethylhexyloxyphenol Methoxyphenyl Triazine Divinyldimethicone/Dimethicone/Phenylsilsesquioxane Crosspolymer Talc Titanium Dioxide Diethylhexyl Butamido Triazone Silicon Dioxide Colloidal Silicon Dioxide Fragrance Dimethicone,40


